timestamp,open,high,low,close,volume,date
1609545600000,29331.7,33300.0,28946.53,32178.33,129993.873362,2021-01-02 08:00:00
1609632000000,32176.45,34778.11,31962.99,33000.05,120957.56675,2021-01-03 08:00:00
1609718400000,33000.05,33600.0,28130.0,31988.71,140899.88569,2021-01-04 08:00:00
1609804800000,31989.75,34360.0,29900.0,33949.53,116049.997038,2021-01-05 08:00:00
1609891200000,33949.53,36939.21,33288.0,36769.36,127139.20131,2021-01-06 08:00:00
1609977600000,36769.36,40365.0,36300.0,39432.28,132825.700437,2021-01-07 08:00:00
1610064000000,39432.48,41950.0,36500.0,40582.81,139789.957499,2021-01-08 08:00:00
1610150400000,40586.96,41380.0,38720.0,40088.22,75785.979675,2021-01-09 08:00:00
1610236800000,40088.22,41350.0,35111.11,38150.02,118209.544503,2021-01-10 08:00:00
1610323200000,38150.02,38264.74,30420.0,35404.47,251156.138287,2021-01-11 08:00:00
1610409600000,35410.37,36628.0,32531.0,34051.24,133948.151996,2021-01-12 08:00:00
1610496000000,34049.15,37850.0,32380.0,37371.38,124477.914938,2021-01-13 08:00:00
1610582400000,37371.38,40100.0,36701.23,39144.5,102950.389421,2021-01-14 08:00:00
1610668800000,39145.21,39747.76,34408.0,36742.22,118300.920916,2021-01-15 08:00:00
1610755200000,36737.43,37950.0,35357.8,35994.98,86348.431508,2021-01-16 08:00:00
1610841600000,35994.98,36852.5,33850.0,35828.61,80157.727384,2021-01-17 08:00:00
1610928000000,35824.99,37469.83,34800.0,36631.27,70698.11875,2021-01-18 08:00:00
1611014400000,36622.46,37850.0,35844.06,35891.49,79611.307769,2021-01-19 08:00:00
1611100800000,35901.94,36415.31,33400.0,35468.23,89368.422918,2021-01-20 08:00:00
1611187200000,35468.23,35600.0,30071.0,30850.13,135004.076658,2021-01-21 08:00:00
1611273600000,30851.99,33826.53,28850.0,32945.17,142971.684049,2021-01-22 08:00:00
1611360000000,32950.0,33456.0,31390.16,32078.0,64595.287675,2021-01-23 08:00:00
1611446400000,32078.0,33071.0,30900.0,32259.9,57978.037966,2021-01-24 08:00:00
1611532800000,32259.45,34875.0,31910.0,32254.2,88499.226921,2021-01-25 08:00:00
1611619200000,32254.19,32921.88,30837.37,32467.77,84972.20691,2021-01-26 08:00:00
1611705600000,32464.01,32557.29,29241.72,30366.15,95911.961711,2021-01-27 08:00:00
1611792000000,30362.19,33783.98,29842.1,33364.86,92621.145617,2021-01-28 08:00:00
1611878400000,33368.18,38531.9,31915.4,34252.2,231827.005626,2021-01-29 08:00:00
1611964800000,34246.28,34933.0,32825.0,34262.88,84889.68134,2021-01-30 08:00:00
1612051200000,34262.89,34342.69,32171.67,33092.98,68742.280384,2021-01-31 08:00:00
1612137600000,33092.97,34717.27,32296.16,33526.37,82718.276882,2021-02-01 08:00:00
1612224000000,33517.09,35984.33,33418.0,35466.24,78056.65988,2021-02-02 08:00:00
1612310400000,35472.71,37662.63,35362.38,37618.87,80784.333663,2021-02-03 08:00:00
1612396800000,37620.26,38708.27,36161.95,36936.66,92080.735898,2021-02-04 08:00:00
1612483200000,36936.65,38310.12,36570.0,38290.24,66681.334275,2021-02-05 08:00:00
1612569600000,38289.32,40955.51,38215.94,39186.94,98757.311183,2021-02-06 08:00:00
1612656000000,39181.01,39700.0,37351.0,38795.69,84363.679763,2021-02-07 08:00:00
1612742400000,38795.69,46794.45,37988.89,46374.87,138597.536914,2021-02-08 08:00:00
1612828800000,46374.86,48142.19,44961.09,46420.42,115499.861712,2021-02-09 08:00:00
1612915200000,46420.42,47310.0,43727.0,44807.58,97154.1822,2021-02-10 08:00:00
1613001600000,44807.58,48678.9,43994.02,47969.51,89561.081454,2021-02-11 08:00:00
1613088000000,47968.66,48985.8,46125.0,47287.6,85870.035697,2021-02-12 08:00:00
1613174400000,47298.15,48150.0,46202.53,47153.69,63768.097399,2021-02-13 08:00:00
1613260800000,47156.78,49707.43,47014.17,48577.79,73735.475533,2021-02-14 08:00:00
1613347200000,48580.47,49010.92,45570.79,47911.1,79398.156784,2021-02-15 08:00:00
1613433600000,47911.1,50689.18,47003.62,49133.45,88813.266298,2021-02-16 08:00:00
1613520000000,49133.45,52618.74,48947.0,52119.71,85743.637818,2021-02-17 08:00:00
1613606400000,52117.67,52530.0,50901.9,51552.6,60758.046954,2021-02-18 08:00:00
1613692800000,51552.61,56368.0,50710.2,55906.0,79659.77802,2021-02-19 08:00:00
1613779200000,55906.0,57700.46,53863.93,55841.19,80948.205314,2021-02-20 08:00:00
1613865600000,55841.19,58352.8,55477.59,57408.57,58166.708511,2021-02-21 08:00:00
1613952000000,57412.35,57508.47,47622.0,54087.67,134019.434944,2021-02-22 08:00:00
1614038400000,54087.67,54183.59,44892.56,48891.0,169375.025051,2021-02-23 08:00:00
1614124800000,48891.0,51374.99,46988.69,49676.2,91881.209252,2021-02-24 08:00:00
1614211200000,49676.21,52041.73,46674.34,47073.73,83310.673121,2021-02-25 08:00:00
1614297600000,47073.73,48424.11,44106.78,46276.87,109423.200663,2021-02-26 08:00:00
1614384000000,46276.88,48394.0,45000.0,46106.43,66060.834292,2021-02-27 08:00:00
1614470400000,46103.67,46638.46,43000.0,45135.66,83055.369042,2021-02-28 08:00:00
1614556800000,45134.11,49790.0,44950.53,49587.03,85086.111648,2021-03-01 08:00:00
1614643200000,49595.76,50200.0,47047.6,48440.65,64221.06214,2021-03-02 08:00:00
1614729600000,48436.61,52640.0,48100.71,50349.37,81035.913705,2021-03-03 08:00:00
1614816000000,50349.37,51773.88,47500.0,48374.09,82649.716829,2021-03-04 08:00:00
1614902400000,48374.09,49448.93,46300.0,48751.71,78192.496372,2021-03-05 08:00:00
1614988800000,48746.81,49200.0,47070.0,48882.2,44399.234242,2021-03-06 08:00:00
1615075200000,48882.2,51450.03,48882.2,50971.75,55235.028032,2021-03-07 08:00:00
1615161600000,50959.11,52402.78,49274.67,52375.17,66987.359664,2021-03-08 08:00:00
1615248000000,52375.18,54895.0,51789.41,54884.5,71656.737076,2021-03-09 08:00:00
1615334400000,54874.67,57387.69,53005.0,55851.59,84749.238943,2021-03-10 08:00:00
1615420800000,55851.59,58150.0,54272.82,57773.16,81914.812859,2021-03-11 08:00:00
1615507200000,57773.15,58081.51,54962.84,57221.72,73405.406047,2021-03-12 08:00:00
1615593600000,57221.72,61844.0,56078.23,61188.39,83245.091346,2021-03-13 08:00:00
1615680000000,61188.38,61724.79,58966.78,58968.31,52601.05275,2021-03-14 08:00:00
1615766400000,58976.08,60633.43,54600.0,55605.2,102771.427298,2021-03-15 08:00:00
1615852800000,55605.2,56938.29,53271.34,56900.75,77986.694355,2021-03-16 08:00:00
1615939200000,56900.74,58974.73,54123.69,58912.97,70421.620841,2021-03-17 08:00:00
1616025600000,58912.97,60129.97,57023.0,57648.16,66580.406675,2021-03-18 08:00:00
1616112000000,57641.0,59468.0,56270.74,58030.01,52392.652961,2021-03-19 08:00:00
1616198400000,58030.01,59880.0,57820.17,58102.28,44476.941776,2021-03-20 08:00:00
1616284800000,58100.02,58589.1,55450.11,57351.56,48564.470274,2021-03-21 08:00:00
1616371200000,57351.56,58430.73,53650.0,54083.25,62581.626169,2021-03-22 08:00:00
1616457600000,54083.25,55830.9,53000.0,54340.89,59789.365427,2021-03-23 08:00:00
1616544000000,54342.8,57200.0,51700.0,52303.65,83537.465021,2021-03-24 08:00:00
1616630400000,52303.66,53287.0,50427.56,51293.78,87400.534538,2021-03-25 08:00:00
1616716800000,51293.78,55073.46,51214.6,55025.59,63813.774692,2021-03-26 08:00:00
1616803200000,55025.59,56700.36,53950.0,55817.14,50105.475055,2021-03-27 08:00:00
1616889600000,55817.14,56559.75,54691.84,55777.63,39050.387511,2021-03-28 08:00:00
1616976000000,55777.65,58405.82,54800.01,57635.47,67857.937398,2021-03-29 08:00:00
1617062400000,57635.46,59368.0,57071.35,58746.57,55122.443122,2021-03-30 08:00:00
1617148800000,58746.57,59800.0,56769.0,58740.55,60975.542666,2021-03-31 08:00:00
1617235200000,58739.46,59490.0,57935.45,58720.44,47415.61722,2021-04-01 08:00:00
1617321600000,58720.45,60200.0,58428.57,58950.01,47382.418781,2021-04-02 08:00:00
1617408000000,58950.01,59791.72,56880.0,57051.94,47409.852113,2021-04-03 08:00:00
1617494400000,57051.95,58492.85,56388.0,58202.01,41314.081973,2021-04-04 08:00:00
1617580800000,58202.01,59272.0,56777.77,59129.99,54258.01579,2021-04-05 08:00:00
1617667200000,59129.99,59495.24,57413.02,57991.15,54201.000727,2021-04-06 08:00:00
1617753600000,57990.03,58655.0,55473.0,55953.45,71228.405659,2021-04-07 08:00:00
1617840000000,55953.44,58153.31,55700.0,58077.52,44283.147019,2021-04-08 08:00:00
1617926400000,58077.52,58894.9,57654.0,58142.54,40831.884911,2021-04-09 08:00:00
1618012800000,58142.55,61500.0,57900.01,59769.13,69906.424117,2021-04-10 08:00:00
1618099200000,59769.13,60699.0,59232.52,60002.43,41156.715391,2021-04-11 08:00:00
1618185600000,59998.8,61300.0,59350.59,59860.0,56375.037117,2021-04-12 08:00:00
1618272000000,59860.01,63777.77,59805.15,63575.0,82848.688746,2021-04-13 08:00:00
1618358400000,63575.01,64854.0,61301.0,62959.53,82616.343993,2021-04-14 08:00:00
1618444800000,62959.53,63800.0,62020.0,63159.98,51649.70034,2021-04-15 08:00:00
1618531200000,63158.74,63520.61,60000.0,61334.8,91764.139884,2021-04-16 08:00:00
1618617600000,61334.81,62506.05,59580.91,60006.66,58912.256128,2021-04-17 08:00:00
1618704000000,60006.67,60499.0,50931.3,56150.01,124882.131824,2021-04-18 08:00:00
1618790400000,56150.01,57526.81,54221.58,55633.14,78229.042267,2021-04-19 08:00:00
1618876800000,55633.14,57076.24,53329.96,56425.0,72744.482151,2021-04-20 08:00:00
1618963200000,56425.0,56757.91,53536.02,53787.63,66984.756909,2021-04-21 08:00:00
1619049600000,53787.62,55521.48,50500.0,51690.96,104656.631337,2021-04-22 08:00:00
1619136000000,51690.95,52131.85,47500.0,51125.14,132230.780719,2021-04-23 08:00:00
1619222400000,51110.56,51166.22,48657.14,50047.84,55361.512573,2021-04-24 08:00:00
1619308800000,50047.84,50567.91,46930.0,49066.77,58255.645004,2021-04-25 08:00:00
1619395200000,49066.76,54356.62,48753.44,54001.39,86310.802124,2021-04-26 08:00:00
1619481600000,54001.38,55460.0,53222.0,55011.97,54064.034675,2021-04-27 08:00:00
1619568000000,55011.97,56428.0,53813.16,54846.22,55130.459015,2021-04-28 08:00:00
1619654400000,54846.23,55195.84,52330.94,53555.0,52486.019455,2021-04-29 08:00:00
1619740800000,53555.0,57963.0,53013.01,57694.27,68578.910045,2021-04-30 08:00:00
1619827200000,57697.25,58458.07,56956.14,57800.37,42600.351836,2021-05-01 08:00:00
1619913600000,57797.35,57911.02,56035.25,56578.21,36812.878863,2021-05-02 08:00:00
1620000000000,56578.21,58981.44,56435.0,57169.39,57649.931286,2021-05-03 08:00:00
1620086400000,57169.39,57200.0,53046.69,53200.01,85324.625903,2021-05-04 08:00:00
1620172800000,53205.05,58069.82,52900.0,57436.11,77263.923439,2021-05-05 08:00:00
1620259200000,57436.11,58360.0,55200.0,56393.68,70181.671908,2021-05-06 08:00:00
1620345600000,56393.68,58650.0,55241.63,57314.75,74542.747829,2021-05-07 08:00:00
1620432000000,57315.49,59500.0,56900.0,58862.05,69709.906028,2021-05-08 08:00:00
1620518400000,58866.53,59300.0,56235.66,58240.84,69806.11991,2021-05-09 08:00:00
1620604800000,58240.83,59500.0,53400.0,55816.14,89586.34925,2021-05-10 08:00:00
1620691200000,55816.14,56862.43,54370.0,56670.02,64329.54055,2021-05-11 08:00:00
1620777600000,56670.02,58000.01,48600.0,49631.32,99842.789836,2021-05-12 08:00:00
1620864000000,49537.15,51367.19,46000.0,49670.97,147332.002121,2021-05-13 08:00:00
1620950400000,49671.92,51483.0,48799.75,49841.45,80082.204306,2021-05-14 08:00:00
1621036800000,49844.16,50700.0,46555.0,46762.99,89437.449359,2021-05-15 08:00:00
1621123200000,46762.99,49795.89,43825.39,46431.5,114269.812775,2021-05-16 08:00:00
1621209600000,46426.83,46686.0,42001.0,43538.04,166657.172736,2021-05-17 08:00:00
1621296000000,43538.02,45799.29,42250.02,42849.78,116979.860784,2021-05-18 08:00:00
1621382400000,42849.78,43584.9,30000.0,36690.09,354347.243161,2021-05-19 08:00:00
1621468800000,36671.23,42451.67,34850.0,40526.64,203017.596923,2021-05-20 08:00:00
1621555200000,40525.39,42200.0,33488.0,37252.01,202100.888258,2021-05-21 08:00:00
1621641600000,37263.35,38829.0,35200.62,37449.73,126542.243689,2021-05-22 08:00:00
1621728000000,37458.51,38270.64,31111.01,34655.25,217136.046593,2021-05-23 08:00:00
1621814400000,34681.44,39920.0,34031.0,38796.29,161630.893971,2021-05-24 08:00:00
1621900800000,38810.99,39791.77,36419.62,38324.72,111996.228404,2021-05-25 08:00:00
1621987200000,38324.72,40841.0,37800.44,39241.91,104780.773396,2021-05-26 08:00:00
1622073600000,39241.92,40411.14,37134.27,38529.98,86547.158794,2021-05-27 08:00:00
1622160000000,38529.99,38877.83,34684.0,35663.49,135377.62972,2021-05-28 08:00:00
1622246400000,35661.79,37338.58,33632.76,34605.15,112663.092689,2021-05-29 08:00:00
1622332800000,34605.15,36488.0,33379.0,35641.27,73535.386967,2021-05-30 08:00:00
1622419200000,35641.26,37499.0,34153.84,37253.81,94160.735289,2021-05-31 08:00:00
1622505600000,37253.82,37894.81,35666.0,36693.09,81234.66377,2021-06-01 08:00:00
1622592000000,36694.85,38225.0,35920.0,37568.68,67587.372495,2021-06-02 08:00:00
1622678400000,37568.68,39476.0,37170.0,39246.79,75889.106011,2021-06-03 08:00:00
1622764800000,39246.78,39289.07,35555.15,36829.0,91317.799245,2021-06-04 08:00:00
1622851200000,36829.15,37925.0,34800.0,35513.2,70459.62149,2021-06-05 08:00:00
1622937600000,35516.07,36480.0,35222.0,35796.31,47650.206637,2021-06-06 08:00:00
1623024000000,35796.31,36900.0,33300.0,33552.79,77574.952573,2021-06-07 08:00:00
1623110400000,33556.96,34068.01,31000.0,33380.81,123251.189037,2021-06-08 08:00:00
1623196800000,33380.8,37534.79,32396.82,37388.05,136607.597517,2021-06-09 08:00:00
1623283200000,37388.05,38491.0,35782.0,36675.72,109527.284943,2021-06-10 08:00:00
1623369600000,36677.83,37680.4,35936.77,37331.98,78466.0053,2021-06-11 08:00:00
1623456000000,37331.98,37463.63,34600.36,35546.11,87717.54999,2021-06-12 08:00:00
1623542400000,35546.12,39380.0,34757.0,39020.57,86921.025555,2021-06-13 08:00:00
1623628800000,39020.56,41064.05,38730.0,40516.29,108522.391949,2021-06-14 08:00:00
1623715200000,40516.28,41330.0,39506.4,40144.04,80679.622838,2021-06-15 08:00:00
1623801600000,40143.8,40527.14,38116.01,38349.01,87771.976937,2021-06-16 08:00:00
1623888000000,38349.0,39559.88,37365.0,38092.97,79541.307119,2021-06-17 08:00:00
1623974400000,38092.97,38202.84,35129.29,35819.84,95228.042935,2021-06-18 08:00:00
1624060800000,35820.48,36457.0,34803.52,35483.72,68712.449461,2021-06-19 08:00:00
1624147200000,35483.72,36137.72,33336.0,35600.16,89878.17085,2021-06-20 08:00:00
1624233600000,35600.17,35750.0,31251.23,31608.93,168778.873159,2021-06-21 08:00:00
1624320000000,31614.12,33298.78,28805.0,32509.56,204208.179762,2021-06-22 08:00:00
1624406400000,32509.56,34881.0,31683.0,33678.07,126966.100563,2021-06-23 08:00:00
1624492800000,33675.07,35298.0,32286.57,34663.09,86625.80426,2021-06-24 08:00:00
1624579200000,34663.08,35500.0,31275.0,31584.45,116061.130356,2021-06-25 08:00:00
1624665600000,31576.09,32730.0,30151.0,32283.65,107820.375287,2021-06-26 08:00:00
1624752000000,32283.65,34749.0,31973.45,34700.34,96613.244211,2021-06-27 08:00:00
1624838400000,34702.49,35297.71,33862.72,34494.89,82222.267819,2021-06-28 08:00:00
1624924800000,34494.89,36600.0,34225.43,35911.73,90788.79622,2021-06-29 08:00:00
1625011200000,35911.72,36100.0,34017.55,35045.0,77152.197634,2021-06-30 08:00:00
1625097600000,35045.0,35057.57,32711.0,33504.69,71708.266112,2021-07-01 08:00:00
1625184000000,33502.33,33977.04,32699.0,33786.55,56172.181378,2021-07-02 08:00:00
1625270400000,33786.54,34945.61,33316.73,34669.13,43044.578641,2021-07-03 08:00:00
1625356800000,34669.12,35967.85,34357.15,35286.51,43703.475789,2021-07-04 08:00:00
1625443200000,35288.13,35293.78,33125.55,33690.14,64123.874245,2021-07-05 08:00:00
1625529600000,33690.15,35118.88,33532.0,34220.01,58210.596349,2021-07-06 08:00:00
1625616000000,34220.02,35059.09,33777.77,33862.12,53807.521675,2021-07-07 08:00:00
1625702400000,33862.11,33929.64,32077.0,32875.71,70136.48032,2021-07-08 08:00:00
1625788800000,32875.71,34100.0,32261.07,33815.81,47153.939899,2021-07-09 08:00:00
1625875200000,33815.81,34262.0,33004.78,33502.87,34761.175468,2021-07-10 08:00:00
1625961600000,33502.87,34666.0,33306.47,34258.99,31572.647448,2021-07-11 08:00:00
1626048000000,34259.0,34678.43,32658.34,33086.63,48181.403762,2021-07-12 08:00:00
1626134400000,33086.94,33340.0,32202.25,32729.77,41126.361008,2021-07-13 08:00:00
1626220800000,32729.12,33114.03,31550.0,32820.02,46777.823484,2021-07-14 08:00:00
1626307200000,32820.03,33185.25,31133.0,31880.0,51639.576353,2021-07-15 08:00:00
1626393600000,31874.49,32249.18,31020.0,31383.87,48499.864154,2021-07-16 08:00:00
1626480000000,31383.86,31955.92,31164.31,31520.07,34012.242132,2021-07-17 08:00:00
1626566400000,31520.07,32435.0,31108.97,31778.56,35923.716186,2021-07-18 08:00:00
1626652800000,31778.57,31899.0,30407.44,30839.65,47340.468499,2021-07-19 08:00:00
1626739200000,30839.65,31063.07,29278.0,29790.35,61034.049017,2021-07-20 08:00:00
1626825600000,29790.34,32858.0,29482.61,32144.51,82796.265128,2021-07-21 08:00:00
1626912000000,32144.51,32591.35,31708.0,32287.83,46148.092433,2021-07-22 08:00:00
1626998400000,32287.58,33650.0,31924.32,33634.09,50112.863626,2021-07-23 08:00:00
1627084800000,33634.1,34500.0,33401.14,34258.14,47977.550138,2021-07-24 08:00:00
1627171200000,34261.51,35398.0,33851.12,35381.02,47852.928313,2021-07-25 08:00:00
1627257600000,35381.02,40550.0,35205.78,37237.6,152452.512724,2021-07-26 08:00:00
1627344000000,37241.33,39542.61,36383.0,39457.87,88397.267015,2021-07-27 08:00:00
1627430400000,39456.61,40900.0,38772.0,40019.56,101344.528441,2021-07-28 08:00:00
1627516800000,40019.57,40640.0,39200.0,40016.48,53998.439283,2021-07-29 08:00:00
1627603200000,40018.49,42316.71,38313.23,42206.37,73602.784805,2021-07-30 08:00:00
1627689600000,42206.36,42448.0,41000.15,41461.83,44849.791012,2021-07-31 08:00:00
1627776000000,41461.84,42599.0,39422.01,39845.44,53953.186326,2021-08-01 08:00:00
1627862400000,39850.27,40480.01,38690.0,39147.82,50837.351954,2021-08-02 08:00:00
1627948800000,39146.86,39780.0,37642.03,38207.05,57117.435853,2021-08-03 08:00:00
1628035200000,38207.04,39969.66,37508.56,39723.18,52329.35243,2021-08-04 08:00:00
1628121600000,39723.17,41350.0,37332.7,40862.46,84343.755621,2021-08-05 08:00:00
1628208000000,40862.46,43392.43,39853.86,42836.87,75753.941347,2021-08-06 08:00:00
1628294400000,42836.87,44700.0,42446.41,44572.54,73396.740808,2021-08-07 08:00:00
1628380800000,44572.54,45310.0,43261.0,43794.37,69329.092698,2021-08-08 08:00:00
1628467200000,43794.36,46454.15,42779.0,46253.4,74587.884845,2021-08-09 08:00:00
1628553600000,46248.87,46700.0,44589.46,45584.99,53814.643421,2021-08-10 08:00:00
1628640000000,45585.0,46743.47,45341.14,45511.0,52734.901977,2021-08-11 08:00:00
1628726400000,45510.67,46218.12,43770.0,44399.0,55266.108781,2021-08-12 08:00:00
1628812800000,44400.06,47886.0,44217.39,47800.0,48239.370431,2021-08-13 08:00:00
1628899200000,47799.99,48144.0,45971.03,47068.51,46114.359022,2021-08-14 08:00:00
1628985600000,47068.5,47372.27,45500.0,46973.82,42110.711334,2021-08-15 08:00:00
1629072000000,46973.82,48053.83,45660.0,45901.29,52480.574014,2021-08-16 08:00:00
1629158400000,45901.3,47160.0,44376.0,44695.95,57039.341629,2021-08-17 08:00:00
1629244800000,44695.95,46000.0,44203.28,44705.29,54099.415985,2021-08-18 08:00:00
1629331200000,44699.37,47033.0,43927.7,46760.62,53411.75392,2021-08-19 08:00:00
1629417600000,46760.62,49382.99,46622.99,49322.47,56850.352228,2021-08-20 08:00:00
1629504000000,49322.47,49757.04,48222.0,48821.87,46745.136584,2021-08-21 08:00:00
1629590400000,48821.88,49500.0,48050.0,49239.22,37007.887795,2021-08-22 08:00:00
1629676800000,49239.22,50500.0,49029.0,49488.85,52462.541954,2021-08-23 08:00:00
1629763200000,49488.85,49860.0,47600.0,47674.01,51014.594748,2021-08-24 08:00:00
1629849600000,47674.01,49264.3,47126.28,48973.32,44655.830342,2021-08-25 08:00:00
1629936000000,48973.32,49352.84,46250.0,46843.87,49371.277774,2021-08-26 08:00:00
1630022400000,46843.86,49149.93,46348.0,49069.9,42068.104965,2021-08-27 08:00:00
1630108800000,49069.9,49299.0,48346.88,48895.35,26681.063786,2021-08-28 08:00:00
1630195200000,48895.35,49632.27,47762.54,48767.83,32652.283473,2021-08-29 08:00:00
1630281600000,48767.84,48888.61,46853.0,46982.91,40288.35083,2021-08-30 08:00:00
1630368000000,46982.91,48246.11,46700.0,47100.89,48645.52737,2021-08-31 08:00:00
1630454400000,47100.89,49156.0,46512.0,48810.52,49904.65528,2021-09-01 08:00:00
1630540800000,48810.51,50450.13,48584.06,49246.64,54410.770538,2021-09-02 08:00:00
1630627200000,49246.63,51000.0,48316.84,49999.14,59025.644157,2021-09-03 08:00:00
1630713600000,49998.0,50535.69,49370.0,49915.64,34664.65959,2021-09-04 08:00:00
1630800000000,49917.54,51900.0,49450.0,51756.88,40544.835873,2021-09-05 08:00:00
1630886400000,51756.88,52780.0,50969.33,52663.9,49249.667081,2021-09-06 08:00:00
1630972800000,52666.2,52920.0,42843.05,46863.73,123048.802719,2021-09-07 08:00:00
1631059200000,46868.57,47340.99,44412.02,46048.31,65069.3152,2021-09-08 08:00:00
1631145600000,46048.31,47399.97,45513.08,46395.14,50651.66002,2021-09-09 08:00:00
1631232000000,46395.14,47033.0,44132.29,44850.91,49048.26618,2021-09-10 08:00:00
1631318400000,44842.2,45987.93,44722.22,45173.69,30440.4081,2021-09-11 08:00:00
1631404800000,45173.68,46460.0,44742.06,46025.24,32094.28052,2021-09-12 08:00:00
1631491200000,46025.23,46880.0,43370.0,44940.73,65429.15056,2021-09-13 08:00:00
1631577600000,44940.72,47250.0,44594.44,47111.52,44855.85099,2021-09-14 08:00:00
1631664000000,47103.28,48500.0,46682.32,48121.41,43204.71174,2021-09-15 08:00:00
1631750400000,48121.4,48557.0,47021.1,47737.82,40725.08895,2021-09-16 08:00:00
1631836800000,47737.81,48150.0,46699.56,47299.98,34461.92776,2021-09-17 08:00:00
1631923200000,47299.98,48843.2,47035.56,48292.74,30906.47038,2021-09-18 08:00:00
1632009600000,48292.75,48372.83,46829.18,47241.75,29847.24349,2021-09-19 08:00:00
1632096000000,47241.75,47347.25,42500.0,43015.62,78003.524443,2021-09-20 08:00:00
1632182400000,43016.64,43639.0,39600.0,40734.38,84534.080485,2021-09-21 08:00:00
1632268800000,40734.09,44000.55,40565.39,43543.61,58349.05542,2021-09-22 08:00:00
1632355200000,43546.37,44978.0,43069.09,44865.26,48699.57655,2021-09-23 08:00:00
1632441600000,44865.26,45200.0,40675.0,42810.57,84113.426292,2021-09-24 08:00:00
1632528000000,42810.58,42966.84,41646.28,42670.64,33594.57189,2021-09-25 08:00:00
1632614400000,42670.63,43950.0,40750.0,43160.9,49879.99765,2021-09-26 08:00:00
1632700800000,43160.9,44350.0,42098.0,42147.35,39776.84383,2021-09-27 08:00:00
1632787200000,42147.35,42787.38,40888.0,41026.54,43372.2624,2021-09-28 08:00:00
1632873600000,41025.01,42590.0,40753.88,41524.28,33511.53487,2021-09-29 08:00:00
1632960000000,41524.29,44141.37,41410.17,43824.1,46381.22781,2021-09-30 08:00:00
1633046400000,43820.01,48495.0,43283.03,48141.61,66244.87492,2021-10-01 08:00:00
1633132800000,48141.6,48336.59,47430.18,47634.9,30508.98131,2021-10-02 08:00:00
1633219200000,47634.89,49228.08,47088.0,48200.01,30825.05601,2021-10-03 08:00:00
1633305600000,48200.01,49536.12,46891.0,49224.94,46796.49372,2021-10-04 08:00:00
1633392000000,49224.93,51886.3,49022.4,51471.99,52125.66793,2021-10-05 08:00:00
1633478400000,51471.99,55750.0,50382.41,55315.0,79877.545181,2021-10-06 08:00:00
1633564800000,55315.0,55332.31,53357.0,53785.22,54917.37766,2021-10-07 08:00:00
1633651200000,53785.22,56100.0,53617.61,53951.43,46160.25785,2021-10-08 08:00:00
1633737600000,53955.67,55489.0,53661.67,54949.72,55177.08013,2021-10-09 08:00:00
1633824000000,54949.72,56561.31,54080.0,54659.0,89237.836128,2021-10-10 08:00:00
1633910400000,54659.01,57839.04,54415.06,57471.35,52933.165751,2021-10-11 08:00:00
1633996800000,57471.35,57680.0,53879.0,55996.93,53471.2855,2021-10-12 08:00:00
1634083200000,55996.91,57777.0,54167.19,57367.0,55808.44492,2021-10-13 08:00:00
1634169600000,57370.83,58532.54,56818.05,57347.94,43053.336781,2021-10-14 08:00:00
1634256000000,57347.94,62933.0,56850.0,61672.42,82512.908022,2021-10-15 08:00:00
1634342400000,61672.42,62378.42,60150.0,60875.57,35467.88096,2021-10-16 08:00:00
1634428800000,60875.57,61718.39,58963.0,61528.33,39099.24124,2021-10-17 08:00:00
1634515200000,61528.32,62695.78,59844.45,62009.84,51798.44844,2021-10-18 08:00:00
1634601600000,62005.6,64486.0,61322.22,64280.59,53628.107744,2021-10-19 08:00:00
1634688000000,64280.59,67000.0,63481.4,66001.41,51428.934856,2021-10-20 08:00:00
1634774400000,66001.4,66639.74,62000.0,62193.15,68538.64537,2021-10-21 08:00:00
1634860800000,62193.15,63732.39,60000.0,60688.22,52119.35886,2021-10-22 08:00:00
1634947200000,60688.23,61747.64,59562.15,61286.75,27626.93678,2021-10-23 08:00:00
1635033600000,61286.75,61500.0,59510.63,60852.22,31226.57676,2021-10-24 08:00:00
1635120000000,60852.22,63710.63,60650.0,63078.78,36853.83806,2021-10-25 08:00:00
1635206400000,63078.78,63293.48,59817.55,60328.81,40217.50083,2021-10-26 08:00:00
1635292800000,60328.81,61496.0,58000.0,58413.44,62124.49016,2021-10-27 08:00:00
1635379200000,58413.44,62499.0,57820.0,60575.89,61056.35301,2021-10-28 08:00:00
1635465600000,60575.9,62980.0,60174.81,62253.71,43973.90414,2021-10-29 08:00:00
1635552000000,62253.7,62359.25,60673.0,61859.19,31478.12566,2021-10-30 08:00:00
1635638400000,61859.19,62405.3,59945.36,61299.8,39267.63794,2021-10-31 08:00:00
1635724800000,61299.81,62437.74,59405.0,60911.11,44687.66672,2021-11-01 08:00:00
1635811200000,60911.12,64270.0,60624.68,63219.99,46368.2841,2021-11-02 08:00:00
1635897600000,63220.57,63500.0,60382.76,62896.48,43336.09049,2021-11-03 08:00:00
1635984000000,62896.49,63086.31,60677.01,61395.01,35930.93314,2021-11-04 08:00:00
1636070400000,61395.01,62595.72,60721.0,60937.12,31604.48749,2021-11-05 08:00:00
1636156800000,60940.18,61560.49,60050.0,61470.61,25590.57408,2021-11-06 08:00:00
1636243200000,61470.62,63286.35,61322.78,63273.59,25515.6883,2021-11-07 08:00:00
1636329600000,63273.58,67789.0,63273.58,67525.83,54442.094554,2021-11-08 08:00:00
1636416000000,67525.82,68524.25,66222.4,66947.66,44661.378068,2021-11-09 08:00:00
1636502400000,66947.67,69000.0,62822.9,64882.43,65171.504046,2021-11-10 08:00:00
1636588800000,64882.42,65600.07,64100.0,64774.26,37237.98058,2021-11-11 08:00:00
1636675200000,64774.25,65450.7,62278.0,64122.23,44490.10816,2021-11-12 08:00:00
1636761600000,64122.22,65000.0,63360.22,64380.0,22504.97383,2021-11-13 08:00:00
1636848000000,64380.01,65550.51,63576.27,65519.1,25705.07347,2021-11-14 08:00:00
1636934400000,65519.11,66401.82,63400.0,63606.74,37829.37124,2021-11-15 08:00:00
1637020800000,63606.73,63617.31,58574.07,60058.87,77455.15609,2021-11-16 08:00:00
1637107200000,60058.87,60840.23,58373.0,60344.87,46289.38491,2021-11-17 08:00:00
1637193600000,60344.86,60976.0,56474.26,56891.62,62146.99931,2021-11-18 08:00:00
1637280000000,56891.62,58320.0,55600.0,58052.24,50715.88726,2021-11-19 08:00:00
1637366400000,58057.1,59845.0,57353.0,59707.51,33811.5901,2021-11-20 08:00:00
1637452800000,59707.52,60029.76,58486.65,58622.02,31902.22785,2021-11-21 08:00:00
1637539200000,58617.7,59444.0,55610.0,56247.18,51724.32047,2021-11-22 08:00:00
1637625600000,56243.83,58009.99,55317.0,57541.27,49917.85017,2021-11-23 08:00:00
1637712000000,57541.26,57735.0,55837.0,57138.29,39612.04964,2021-11-24 08:00:00
1637798400000,57138.29,59398.9,57000.0,58960.36,42153.51522,2021-11-25 08:00:00
1637884800000,58960.37,59150.0,53500.0,53726.53,65927.87066,2021-11-26 08:00:00
1637971200000,53723.72,55280.0,53610.0,54721.03,29716.99957,2021-11-27 08:00:00
1638057600000,54716.47,57445.05,53256.64,57274.88,36163.7137,2021-11-28 08:00:00
1638144000000,57274.89,58865.97,56666.67,57776.25,40125.28009,2021-11-29 08:00:00
1638230400000,57776.25,59176.99,55875.55,56950.56,49161.05194,2021-11-30 08:00:00
1638316800000,56950.56,59053.55,56458.01,57184.07,44956.63656,2021-12-01 08:00:00
1638403200000,57184.07,57375.47,55777.77,56480.34,37574.05976,2021-12-02 08:00:00
1638489600000,56484.26,57600.0,51680.0,53601.05,58927.69027,2021-12-03 08:00:00
1638576000000,53601.05,53859.1,42000.3,49152.47,114203.373748,2021-12-04 08:00:00
1638662400000,49152.46,49699.05,47727.21,49396.33,45580.82012,2021-12-05 08:00:00
1638748800000,49396.32,50891.11,47100.0,50441.92,58571.21575,2021-12-06 08:00:00
1638835200000,50441.91,51936.33,50039.74,50588.95,38253.46877,2021-12-07 08:00:00
1638921600000,50588.95,51200.0,48600.0,50471.19,38425.92466,2021-12-08 08:00:00
1639008000000,50471.19,50797.76,47320.0,47545.59,37692.68665,2021-12-09 08:00:00
1639094400000,47535.9,50125.0,46852.0,47140.54,44233.57391,2021-12-10 08:00:00
1639180800000,47140.54,49485.71,46751.0,49389.99,28889.19358,2021-12-11 08:00:00
1639267200000,49389.99,50777.0,48638.0,50053.9,26017.93421,2021-12-12 08:00:00
1639353600000,50053.9,50189.97,45672.75,46702.75,50869.52093,2021-12-13 08:00:00
1639440000000,46702.76,48700.41,46290.0,48343.28,39955.98445,2021-12-14 08:00:00
1639526400000,48336.95,49500.0,46547.0,48864.98,51629.181,2021-12-15 08:00:00
1639612800000,48864.98,49436.43,47511.0,47632.38,31949.86739,2021-12-16 08:00:00
1639699200000,47632.38,47995.96,45456.0,46131.2,43104.4887,2021-12-17 08:00:00
1639785600000,46133.83,47392.37,45500.0,46834.48,25020.05271,2021-12-18 08:00:00
1639872000000,46834.47,48300.01,46406.91,46681.23,29305.70665,2021-12-19 08:00:00
1639958400000,46681.24,47537.57,45558.85,46914.16,35848.50609,2021-12-20 08:00:00
1640044800000,46914.17,49328.96,46630.0,48889.88,37713.92924,2021-12-21 08:00:00
1640131200000,48887.59,49576.13,48421.87,48588.16,27004.2022,2021-12-22 08:00:00
1640217600000,48588.17,51375.0,47920.42,50838.81,35192.54046,2021-12-23 08:00:00
1640304000000,50838.82,51810.0,50384.43,50820.0,31684.84269,2021-12-24 08:00:00
1640390400000,50819.99,51156.23,50142.32,50399.66,19135.51613,2021-12-25 08:00:00
1640476800000,50399.67,51280.0,49412.0,50775.49,22569.88914,2021-12-26 08:00:00
1640563200000,50775.48,52088.0,50449.0,50701.44,28792.21566,2021-12-27 08:00:00
1640649600000,50701.44,50704.05,47313.01,47543.74,45853.33924,2021-12-28 08:00:00
1640736000000,47543.74,48139.08,46096.99,46464.66,39498.87,2021-12-29 08:00:00
1640822400000,46464.66,47900.0,45900.0,47120.87,30352.29569,2021-12-30 08:00:00
1640908800000,47120.88,48548.26,45678.0,46216.93,34937.99796,2021-12-31 08:00:00
1640995200000,46216.93,47954.63,46208.37,47722.65,19604.46325,2022-01-01 08:00:00
1641081600000,47722.66,47990.0,46654.0,47286.18,18340.4604,2022-01-02 08:00:00
1641168000000,47286.18,47570.0,45696.0,46446.1,27662.0771,2022-01-03 08:00:00
1641254400000,46446.1,47557.54,45500.0,45832.01,35491.4136,2022-01-04 08:00:00
1641340800000,45832.01,47070.0,42500.0,43451.13,51784.11857,2022-01-05 08:00:00
1641427200000,43451.14,43816.0,42430.58,43082.31,38880.37305,2022-01-06 08:00:00
1641513600000,43082.3,43145.83,40610.0,41566.48,54836.50818,2022-01-07 08:00:00
1641600000000,41566.48,42300.0,40501.0,41679.74,32952.73111,2022-01-08 08:00:00
1641686400000,41679.74,42786.7,41200.02,41864.62,22724.39426,2022-01-09 08:00:00
1641772800000,41864.62,42248.5,39650.0,41822.49,50729.17019,2022-01-10 08:00:00
1641859200000,41822.49,43100.0,41268.93,42729.29,37296.43729,2022-01-11 08:00:00
1641945600000,42729.29,44322.0,42450.0,43902.66,33943.2928,2022-01-12 08:00:00
1642032000000,43902.65,44500.0,42311.22,42560.11,34910.87762,2022-01-13 08:00:00
1642118400000,42558.35,43448.78,41725.95,43059.96,32640.88292,2022-01-14 08:00:00
1642204800000,43059.96,43800.0,42555.0,43084.29,21936.05616,2022-01-15 08:00:00
1642291200000,43084.29,43475.0,42581.79,43071.66,20602.35271,2022-01-16 08:00:00
1642377600000,43071.66,43176.18,41540.42,42201.62,27562.08613,2022-01-17 08:00:00
1642464000000,42201.63,42691.0,41250.0,42352.12,29324.08257,2022-01-18 08:00:00
1642550400000,42352.12,42559.13,41138.56,41660.01,31685.72159,2022-01-19 08:00:00
1642636800000,41660.0,43505.0,40553.31,40680.91,42330.33953,2022-01-20 08:00:00
1642723200000,40680.92,41100.0,35440.45,36445.31,88860.891999,2022-01-21 08:00:00
1642809600000,36445.31,36835.22,34008.0,35071.42,90471.338961,2022-01-22 08:00:00
1642896000000,35071.42,36499.0,34601.01,36244.55,44279.52354,2022-01-23 08:00:00
1642982400000,36244.55,37550.0,32917.17,36660.35,91904.753211,2022-01-24 08:00:00
1643068800000,36660.35,37545.14,35701.0,36958.32,49232.40183,2022-01-25 08:00:00
1643155200000,36958.32,38919.98,36234.63,36809.34,69830.16036,2022-01-26 08:00:00
1643241600000,36807.24,37234.47,35507.01,37160.1,53020.87934,2022-01-27 08:00:00
1643328000000,37160.11,38000.0,36155.01,37716.56,42154.26956,2022-01-28 08:00:00
1643414400000,37716.57,38720.74,37268.44,38166.84,26129.49682,2022-01-29 08:00:00
1643500800000,38166.83,38359.26,37351.63,37881.76,21430.66527,2022-01-30 08:00:00
1643587200000,37881.75,38744.0,36632.61,38466.9,36855.2458,2022-01-31 08:00:00
1643673600000,38466.9,39265.2,38000.0,38694.59,34574.44663,2022-02-01 08:00:00
1643760000000,38694.59,38855.92,36586.95,36896.36,35794.6813,2022-02-02 08:00:00
1643846400000,36896.37,37387.0,36250.0,37311.61,32081.10999,2022-02-03 08:00:00
1643932800000,37311.98,41772.33,37026.73,41574.25,64703.95874,2022-02-04 08:00:00
1644019200000,41571.7,41913.69,40843.01,41382.59,32532.34372,2022-02-05 08:00:00
1644105600000,41382.6,42656.0,41116.56,42380.87,22405.16704,2022-02-06 08:00:00
1644192000000,42380.87,44500.5,41645.85,43839.99,51060.62006,2022-02-07 08:00:00
1644278400000,43839.99,45492.0,42666.0,44042.99,64880.29387,2022-02-08 08:00:00
1644364800000,44043.0,44799.0,43117.92,44372.72,34428.16729,2022-02-09 08:00:00
1644451200000,44372.71,45821.0,43174.01,43495.44,62357.29091,2022-02-10 08:00:00
1644537600000,43495.44,43920.0,41938.51,42373.73,44975.1687,2022-02-11 08:00:00
1644624000000,42373.73,43079.49,41688.88,42217.87,26556.85681,2022-02-12 08:00:00
1644710400000,42217.87,42760.0,41870.0,42053.66,17732.08113,2022-02-13 08:00:00
1644796800000,42053.65,42842.4,41550.56,42535.94,34010.1306,2022-02-14 08:00:00
1644883200000,42535.94,44751.4,42427.03,44544.86,38095.19576,2022-02-15 08:00:00
1644969600000,44544.85,44549.97,43307.0,43873.56,28471.8727,2022-02-16 08:00:00
1645056000000,43873.56,44164.71,40073.21,40515.7,47245.99494,2022-02-17 08:00:00
1645142400000,40515.71,40959.88,39450.0,39974.44,43845.92241,2022-02-18 08:00:00
1645228800000,39974.45,40444.32,39639.03,40079.17,18042.0551,2022-02-19 08:00:00
1645315200000,40079.17,40125.44,38000.0,38386.89,33439.29011,2022-02-20 08:00:00
1645401600000,38386.89,39494.35,36800.0,37008.16,62347.68496,2022-02-21 08:00:00
1645488000000,37008.16,38429.0,36350.0,38230.33,53785.94589,2022-02-22 08:00:00
1645574400000,38230.33,39249.93,37036.79,37250.01,43560.732,2022-02-23 08:00:00
1645660800000,37250.02,39843.0,34322.28,38327.21,120476.29458,2022-02-24 08:00:00
1645747200000,38328.68,39683.53,38014.37,39219.17,56574.57125,2022-02-25 08:00:00
1645833600000,39219.16,40348.45,38573.18,39116.72,29361.2568,2022-02-26 08:00:00
1645920000000,39116.73,39855.7,37000.0,37699.07,46229.44719,2022-02-27 08:00:00
1646006400000,37699.08,44225.84,37450.17,43160.0,73945.63858,2022-02-28 08:00:00
1646092800000,43160.0,44949.0,42809.98,44421.2,61743.09873,2022-03-01 08:00:00
1646179200000,44421.2,45400.0,43334.09,43892.98,57782.65081,2022-03-02 08:00:00
1646265600000,43892.99,44101.12,41832.28,42454.0,50940.61021,2022-03-03 08:00:00
1646352000000,42454.0,42527.3,38550.0,39148.66,61964.68498,2022-03-04 08:00:00
1646438400000,39148.65,39613.24,38407.59,39397.96,30363.13341,2022-03-05 08:00:00
1646524800000,39397.97,39693.87,38088.57,38420.81,39677.26158,2022-03-06 08:00:00
1646611200000,38420.8,39547.57,37155.0,37988.0,63994.11559,2022-03-07 08:00:00
1646697600000,37988.01,39362.08,37867.65,38730.63,55583.06638,2022-03-08 08:00:00
1646784000000,38730.63,42594.06,38656.45,41941.71,67392.58799,2022-03-09 08:00:00
1646870400000,41941.7,42039.63,38539.73,39422.0,71962.93154,2022-03-10 08:00:00
1646956800000,39422.01,40236.26,38223.6,38729.57,59018.7642,2022-03-11 08:00:00
1647043200000,38729.57,39486.71,38660.52,38807.36,24034.36432,2022-03-12 08:00:00
1647129600000,38807.35,39310.0,37578.51,37777.34,32791.82359,2022-03-13 08:00:00
1647216000000,37777.35,39947.12,37555.0,39671.37,46945.45375,2022-03-14 08:00:00
1647302400000,39671.37,39887.61,38098.33,39280.33,46015.54926,2022-03-15 08:00:00
1647388800000,39280.33,41718.0,38828.48,41114.0,88120.76167,2022-03-16 08:00:00
1647475200000,41114.01,41478.82,40500.0,40917.9,37189.38087,2022-03-17 08:00:00
1647561600000,40917.89,42325.02,40135.04,41757.51,45408.00969,2022-03-18 08:00:00
1647648000000,41757.51,42400.0,41499.29,42201.13,29067.18108,2022-03-19 08:00:00
1647734400000,42201.13,42296.26,40911.0,41262.11,30653.33468,2022-03-20 08:00:00
1647820800000,41262.11,41544.22,40467.94,41002.25,39426.24877,2022-03-21 08:00:00
1647907200000,41002.26,43361.0,40875.51,42364.13,59454.94294,2022-03-22 08:00:00
1647993600000,42364.13,43025.96,41751.47,42882.76,40828.87039,2022-03-23 08:00:00
1648080000000,42882.76,44220.89,42560.46,43991.46,56195.12374,2022-03-24 08:00:00
1648166400000,43991.46,45094.14,43579.0,44313.16,54614.43648,2022-03-25 08:00:00
1648252800000,44313.16,44792.99,44071.97,44511.27,23041.61741,2022-03-26 08:00:00
1648339200000,44511.27,46999.0,44421.46,46827.76,41874.91071,2022-03-27 08:00:00
1648425600000,46827.76,48189.84,46663.56,47122.21,58949.2614,2022-03-28 08:00:00
1648512000000,47122.21,48096.47,46950.85,47434.8,36772.28457,2022-03-29 08:00:00
1648598400000,47434.79,47700.22,46445.42,47067.99,40947.2085,2022-03-30 08:00:00
1648684800000,47067.99,47600.0,45200.0,45510.34,48645.12667,2022-03-31 08:00:00
1648771200000,45510.35,46720.09,44200.0,46283.49,56271.06474,2022-04-01 08:00:00
1648857600000,46283.49,47213.0,45620.0,45811.0,37073.53582,2022-04-02 08:00:00
1648944000000,45810.99,47444.11,45530.92,46407.35,33394.67794,2022-04-03 08:00:00
1649030400000,46407.36,46890.71,45118.0,46580.51,44641.87514,2022-04-04 08:00:00
1649116800000,46580.5,47200.0,45353.81,45497.55,42192.74852,2022-04-05 08:00:00
1649203200000,45497.54,45507.14,43121.0,43170.47,60849.32936,2022-04-06 08:00:00
1649289600000,43170.47,43900.99,42727.35,43444.19,37396.54156,2022-04-07 08:00:00
1649376000000,43444.2,43970.62,42107.14,42252.01,42375.04203,2022-04-08 08:00:00
1649462400000,42252.02,42800.0,42125.48,42753.97,17891.66047,2022-04-09 08:00:00
1649548800000,42753.96,43410.3,41868.0,42158.85,22771.09403,2022-04-10 08:00:00
1649635200000,42158.85,42414.71,39200.0,39530.45,63560.44721,2022-04-11 08:00:00
1649721600000,39530.45,40699.0,39254.63,40074.94,57751.01778,2022-04-12 08:00:00
1649808000000,40074.95,41561.31,39588.54,41147.79,41342.27254,2022-04-13 08:00:00
1649894400000,41147.78,41500.0,39551.94,39942.38,36807.01401,2022-04-14 08:00:00
1649980800000,39942.37,40870.36,39766.4,40551.9,24026.35739,2022-04-15 08:00:00
1650067200000,40551.9,40709.35,39991.55,40378.71,15805.44718,2022-04-16 08:00:00
1650153600000,40378.7,40595.67,39546.17,39678.12,19988.49259,2022-04-17 08:00:00
1650240000000,39678.11,41116.73,38536.51,40801.13,54243.49575,2022-04-18 08:00:00
1650326400000,40801.13,41760.0,40571.0,41493.18,35788.85843,2022-04-19 08:00:00
1650412800000,41493.19,42199.0,40820.0,41358.19,40877.35041,2022-04-20 08:00:00
1650499200000,41358.19,42976.0,39751.0,40480.01,59316.27657,2022-04-21 08:00:00
1650585600000,40480.01,40795.06,39177.0,39709.18,46664.0196,2022-04-22 08:00:00
1650672000000,39709.19,39980.0,39285.0,39441.6,20291.42375,2022-04-23 08:00:00
1650758400000,39441.61,39940.0,38929.62,39450.13,26703.61186,2022-04-24 08:00:00
1650844800000,39450.12,40616.0,38200.0,40426.08,63037.12784,2022-04-25 08:00:00
1650931200000,40426.08,40797.31,37702.26,38112.65,66650.258,2022-04-26 08:00:00
1651017600000,38112.64,39474.72,37881.31,39235.72,57083.12272,2022-04-27 08:00:00
1651104000000,39235.72,40372.63,38881.43,39742.07,56086.6715,2022-04-28 08:00:00
1651190400000,39742.06,39925.25,38175.0,38596.11,51453.65715,2022-04-29 08:00:00
1651276800000,38596.11,38795.38,37578.2,37630.8,35321.18989,2022-04-30 08:00:00
1651363200000,37630.8,38675.0,37386.38,38468.35,38812.24104,2022-05-01 08:00:00
1651449600000,38468.35,39167.34,38052.0,38525.16,53200.92628,2022-05-02 08:00:00
1651536000000,38525.16,38651.51,37517.8,37728.95,40316.45358,2022-05-03 08:00:00
1651622400000,37728.95,40023.77,37670.0,39690.0,62574.61736,2022-05-04 08:00:00
1651708800000,39690.0,39845.51,35571.9,36552.97,88722.43355,2022-05-05 08:00:00
1651795200000,36552.97,36675.63,35258.0,36013.77,68437.80187,2022-05-06 08:00:00
1651881600000,36013.77,36146.3,34785.0,35472.39,34281.70682,2022-05-07 08:00:00
1651968000000,35472.4,35514.22,33713.95,34038.4,72445.64344,2022-05-08 08:00:00
1652054400000,34038.39,34243.15,30033.33,30076.31,191876.926428,2022-05-09 08:00:00
1652140800000,30074.23,32658.99,29730.4,31017.1,165532.00311,2022-05-10 08:00:00
1652227200000,31017.11,32162.59,27785.0,29103.94,207063.739278,2022-05-11 08:00:00
1652313600000,29103.94,30243.0,26700.0,29029.75,204507.263138,2022-05-12 08:00:00
1652400000000,29029.74,31083.37,28751.67,29287.05,97872.36957,2022-05-13 08:00:00
1652486400000,29287.05,30343.27,28630.0,30086.74,51095.87863,2022-05-14 08:00:00
1652572800000,30086.74,31460.0,29480.0,31328.89,46275.66912,2022-05-15 08:00:00
1652659200000,31328.89,31328.9,29087.04,29874.01,73082.19658,2022-05-16 08:00:00
1652745600000,29874.01,30788.37,29450.38,30444.93,56724.13307,2022-05-17 08:00:00
1652832000000,30444.93,30709.99,28654.47,28715.32,59749.15799,2022-05-18 08:00:00
1652918400000,28715.33,30545.18,28691.38,30319.23,67877.36415,2022-05-19 08:00:00
1653004800000,30319.22,30777.33,28730.0,29201.01,60517.25325,2022-05-20 08:00:00
1653091200000,29201.01,29656.18,28947.28,29445.06,20987.13124,2022-05-21 08:00:00
1653177600000,29445.07,30487.99,29255.11,30293.94,36158.98748,2022-05-22 08:00:00
1653264000000,30293.93,30670.51,28866.35,29109.15,63901.49932,2022-05-23 08:00:00
1653350400000,29109.14,29845.86,28669.0,29654.58,59442.96036,2022-05-24 08:00:00
1653436800000,29654.58,30223.74,29294.21,29542.15,59537.38659,2022-05-25 08:00:00
1653523200000,29542.14,29886.64,28019.56,29201.35,94581.65463,2022-05-26 08:00:00
1653609600000,29201.35,29397.66,28282.9,28629.8,90998.5201,2022-05-27 08:00:00
1653696000000,28629.81,29266.0,28450.0,29031.33,34479.35127,2022-05-28 08:00:00
1653782400000,29031.33,29587.78,28839.21,29468.1,27567.34764,2022-05-29 08:00:00
1653868800000,29468.1,32222.0,29299.62,31734.22,96785.9476,2022-05-30 08:00:00
1653955200000,31734.23,32399.0,31200.01,31801.04,62433.11632,2022-05-31 08:00:00
1654041600000,31801.05,31982.97,29301.0,29805.83,103395.63382,2022-06-01 08:00:00
1654128000000,29805.84,30689.0,29594.55,30452.62,56961.42928,2022-06-02 08:00:00
1654214400000,30452.63,30699.0,29282.36,29700.21,54067.44727,2022-06-03 08:00:00
1654300800000,29700.21,29988.88,29485.0,29864.04,25617.90113,2022-06-04 08:00:00
1654387200000,29864.03,30189.0,29531.42,29919.21,23139.9281,2022-06-05 08:00:00
1654473600000,29919.2,31765.64,29890.23,31373.1,68836.92456,2022-06-06 08:00:00
1654560000000,31373.1,31589.6,29218.96,31125.33,110674.51658,2022-06-07 08:00:00
1654646400000,31125.32,31327.22,29843.88,30204.77,68542.61276,2022-06-08 08:00:00
1654732800000,30204.77,30700.0,29944.1,30109.93,46291.1865,2022-06-09 08:00:00
1654819200000,30109.93,30382.8,28850.0,29091.88,76204.2498,2022-06-10 08:00:00
1654905600000,29091.87,29440.41,28099.99,28424.7,65901.39895,2022-06-11 08:00:00
1654992000000,28424.71,28544.96,26560.0,26574.53,92474.598809,2022-06-12 08:00:00
1655078400000,26574.53,26895.84,21925.77,22487.41,254611.034966,2022-06-13 08:00:00
1655164800000,22485.27,23362.88,20846.0,22136.41,187201.64671,2022-06-14 08:00:00
1655251200000,22136.42,22800.0,20111.62,22583.72,200774.493467,2022-06-15 08:00:00
1655337600000,22583.72,22995.73,20232.0,20401.31,99673.59429,2022-06-16 08:00:00
1655424000000,20400.6,21365.43,20246.66,20468.81,86694.33663,2022-06-17 08:00:00
1655510400000,20468.81,20792.06,17622.0,18970.79,196441.655524,2022-06-18 08:00:00
1655596800000,18970.79,20815.95,17960.41,20574.0,128320.87595,2022-06-19 08:00:00
1655683200000,20574.0,21090.0,19637.03,20573.89,109028.94154,2022-06-20 08:00:00
1655769600000,20573.9,21723.0,20348.4,20723.52,104371.0749,2022-06-21 08:00:00
1655856000000,20723.51,20900.0,19770.51,19987.99,92133.97938,2022-06-22 08:00:00
1655942400000,19988.0,21233.0,19890.07,21110.13,83127.08716,2022-06-23 08:00:00
1656028800000,21110.12,21558.41,20736.72,21237.69,77430.36622,2022-06-24 08:00:00
1656115200000,21237.68,21614.5,20906.62,21491.19,51431.67794,2022-06-25 08:00:00
1656201600000,21491.18,21888.0,20964.73,21038.07,53278.10464,2022-06-26 08:00:00
1656288000000,21038.08,21539.85,20510.0,20742.56,64475.0013,2022-06-27 08:00:00
1656374400000,20742.57,21212.1,20202.01,20281.29,63801.0832,2022-06-28 08:00:00
1656460800000,20281.28,20432.31,19854.92,20123.01,77309.04379,2022-06-29 08:00:00
1656547200000,20123.0,20179.08,18626.0,19942.21,93846.64806,2022-06-30 08:00:00
1656633600000,19942.21,20918.35,18975.0,19279.8,111844.59494,2022-07-01 08:00:00
1656720000000,19279.8,19467.39,18977.01,19252.81,46180.3021,2022-07-02 08:00:00
1656806400000,19252.82,19647.63,18781.0,19315.83,51087.46631,2022-07-03 08:00:00
1656892800000,19315.83,20354.01,19055.31,20236.71,74814.04601,2022-07-04 08:00:00
1656979200000,20236.71,20750.0,19304.4,20175.83,96041.13756,2022-07-05 08:00:00
1657065600000,20175.84,20675.22,19761.25,20564.51,82439.5808,2022-07-06 08:00:00
1657152000000,20564.51,21838.1,20251.68,21624.98,85014.58261,2022-07-07 08:00:00
1657238400000,21624.99,22527.37,21189.26,21594.75,403081.57349,2022-07-08 08:00:00
1657324800000,21594.75,21980.0,21322.12,21591.83,178417.84468,2022-07-09 08:00:00
1657411200000,21592.15,21607.65,20655.0,20862.47,192188.21556,2022-07-10 08:00:00
1657497600000,20861.11,20868.48,19875.23,19963.61,137535.40724,2022-07-11 08:00:00
1657584000000,19963.61,20059.42,19240.0,19328.75,139506.45862,2022-07-12 08:00:00
1657670400000,19331.28,20366.61,18910.94,20234.87,209250.24888,2022-07-13 08:00:00
1657756800000,20234.87,20900.0,19616.07,20588.84,174809.21696,2022-07-14 08:00:00
1657843200000,20588.84,21200.0,20382.29,20830.04,143343.3049,2022-07-15 08:00:00
1657929600000,20830.04,21588.94,20478.61,21195.6,121011.67393,2022-07-16 08:00:00
1658016000000,21195.6,21684.54,20750.01,20798.16,118229.4525,2022-07-17 08:00:00
1658102400000,20799.58,22777.63,20762.45,22432.58,239942.73132,2022-07-18 08:00:00
1658188800000,22432.58,23800.0,21579.54,23396.62,263770.76574,2022-07-19 08:00:00
1658275200000,23398.48,24276.74,22906.19,23223.3,238762.17094,2022-07-20 08:00:00
1658361600000,23223.3,23442.77,22341.46,23152.19,184817.68191,2022-07-21 08:00:00
1658448000000,23152.19,23756.49,22500.0,22684.83,171598.43966,2022-07-22 08:00:00
1658534400000,22684.83,23000.77,21934.57,22451.07,122137.77375,2022-07-23 08:00:00
1658620800000,22448.58,23014.64,22257.15,22579.68,115189.67277,2022-07-24 08:00:00
1658707200000,22577.13,22666.0,21250.0,21310.9,180344.76643,2022-07-25 08:00:00
1658793600000,21310.9,21347.82,20706.5,21254.67,177817.24326,2022-07-26 08:00:00
1658880000000,21254.67,23112.63,21042.53,22952.45,210971.19796,2022-07-27 08:00:00
1658966400000,22954.31,24199.72,22582.13,23842.93,236029.0741,2022-07-28 08:00:00
1659052800000,23845.25,24442.66,23414.03,23773.75,198298.50623,2022-07-29 08:00:00
1659139200000,23777.28,24668.0,23502.25,23643.51,151060.13211,2022-07-30 08:00:00
1659225600000,23644.64,24194.82,23227.31,23293.32,127743.32483,2022-07-31 08:00:00
1659312000000,23296.36,23509.68,22850.0,23268.01,144210.16219,2022-08-01 08:00:00
1659398400000,23266.9,23459.89,22654.37,22987.79,158073.28225,2022-08-02 08:00:00
1659484800000,22985.93,23647.68,22681.22,22818.37,145948.80995,2022-08-03 08:00:00
1659571200000,22816.91,23223.32,22400.0,22622.98,154854.67016,2022-08-04 08:00:00
1659657600000,22622.41,23472.86,22586.95,23312.42,175251.69749,2022-08-05 08:00:00
1659744000000,23313.56,23354.36,22909.52,22954.21,83911.80307,2022-08-06 08:00:00
1659830400000,22954.21,23402.0,22844.62,23174.39,88890.00877,2022-08-07 08:00:00
1659916800000,23174.39,24245.0,23154.25,23810.0,170958.44152,2022-08-08 08:00:00
1660003200000,23810.98,23933.25,22865.0,23149.95,143182.50858,2022-08-09 08:00:00
1660089600000,23151.32,24226.0,22664.69,23954.05,208916.54953,2022-08-10 08:00:00
1660176000000,23954.05,24918.54,23852.13,23934.39,249759.79557,2022-08-11 08:00:00
1660262400000,23933.09,24456.5,23583.0,24403.68,174207.5704,2022-08-12 08:00:00
1660348800000,24401.7,24888.0,24291.22,24441.38,152852.25435,2022-08-13 08:00:00
1660435200000,24443.06,25047.56,24144.0,24305.24,151206.14473,2022-08-14 08:00:00
1660521600000,24305.25,25211.32,23773.22,24094.82,242539.54758,2022-08-15 08:00:00
1660608000000,24093.04,24247.49,23671.22,23854.74,179324.94821,2022-08-16 08:00:00
1660694400000,23856.15,24446.71,23180.4,23342.66,210668.68766,2022-08-17 08:00:00
1660780800000,23342.66,23600.0,23111.04,23191.2,144185.97011,2022-08-18 08:00:00
1660867200000,23191.45,23208.67,20783.57,20834.39,283995.87747,2022-08-19 08:00:00
1660953600000,20834.39,21382.85,20761.9,21140.07,183041.68363,2022-08-20 08:00:00
1661040000000,21140.07,21800.0,21069.11,21515.61,159200.6841,2022-08-21 08:00:00
1661126400000,21516.7,21548.71,20890.18,21399.83,222222.04526,2022-08-22 08:00:00
1661212800000,21400.75,21684.87,20890.14,21529.12,200967.77164,2022-08-23 08:00:00
1661299200000,21529.11,21900.0,21145.0,21368.08,174383.22046,2022-08-24 08:00:00
1661385600000,21368.05,21819.88,21310.15,21559.04,169915.78301,2022-08-25 08:00:00
1661472000000,21559.04,21886.77,20107.9,20241.05,273811.61955,2022-08-26 08:00:00
1661558400000,20239.14,20402.93,19800.0,20037.6,162582.46032,2022-08-27 08:00:00
1661644800000,20037.6,20171.18,19520.0,19555.61,139307.95976,2022-08-28 08:00:00
1661731200000,19555.61,20433.62,19550.79,20285.73,210509.49545,2022-08-29 08:00:00
1661817600000,20287.2,20576.25,19540.0,19811.66,256634.35529,2022-08-30 08:00:00
1661904000000,19813.03,20490.0,19797.94,20050.02,276946.60765,2022-08-31 08:00:00
1661990400000,20048.44,20208.37,19565.66,20131.46,245289.97263,2022-09-01 08:00:00
1662076800000,20132.64,20441.26,19755.29,19951.86,245986.6033,2022-09-02 08:00:00
1662163200000,19950.98,20055.93,19652.72,19831.9,146639.03204,2022-09-03 08:00:00
1662249600000,19832.45,20029.23,19583.1,20000.3,145588.77893,2022-09-04 08:00:00
1662336000000,20000.3,20057.27,19633.83,19796.84,222543.01057,2022-09-05 08:00:00
1662422400000,19795.34,20180.0,18649.51,18790.61,356315.05718,2022-09-06 08:00:00
1662508800000,18790.61,19464.06,18510.77,19292.84,287394.7788,2022-09-07 08:00:00
1662595200000,19292.85,19458.25,19012.0,19319.77,262813.28273,2022-09-08 08:00:00
1662681600000,19320.54,21597.22,19291.75,21360.11,428919.74652,2022-09-09 08:00:00
1662768000000,21361.62,21810.8,21111.13,21648.34,307997.33504,2022-09-10 08:00:00
1662854400000,21647.21,21860.0,21350.0,21826.87,280702.55149,2022-09-11 08:00:00
1662940800000,21826.87,22488.0,21538.51,22395.74,395395.61828,2022-09-12 08:00:00
1663027200000,22395.44,22799.0,19860.0,20173.57,431915.03333,2022-09-13 08:00:00
1663113600000,20173.62,20541.48,19617.62,20226.71,340826.40151,2022-09-14 08:00:00
1663200000000,20227.17,20330.24,19497.0,19701.88,333069.76076,2022-09-15 08:00:00
1663286400000,19701.88,19890.0,19320.01,19803.3,283791.07064,2022-09-16 08:00:00
1663372800000,19803.3,20189.0,19748.08,20113.62,179350.24338,2022-09-17 08:00:00
1663459200000,20112.61,20117.26,19335.62,19416.18,254217.46904,2022-09-18 08:00:00
1663545600000,19417.45,19686.2,18232.56,19537.02,380512.40306,2022-09-19 08:00:00
1663632000000,19537.02,19634.62,18711.87,18875.0,324098.3286,2022-09-20 08:00:00
1663718400000,18874.31,19956.0,18125.98,18461.36,385034.10021,2022-09-21 08:00:00
1663804800000,18461.36,19550.17,18356.39,19401.63,379321.72111,2022-09-22 08:00:00
1663891200000,19401.63,19500.0,18531.42,19289.91,385886.91829,2022-09-23 08:00:00
1663977600000,19288.57,19316.14,18805.34,18920.5,239496.56746,2022-09-24 08:00:00
1664064000000,18921.99,19180.21,18629.2,18807.38,191191.4492,2022-09-25 08:00:00
1664150400000,18809.13,19318.96,18680.72,19227.82,439239.21943,2022-09-26 08:00:00
1664236800000,19226.68,20385.86,18816.32,19079.13,593260.74161,2022-09-27 08:00:00
1664323200000,19078.1,19790.0,18471.28,19412.82,521385.45547,2022-09-28 08:00:00
1664409600000,19412.82,19645.52,18843.01,19591.51,406424.93256,2022-09-29 08:00:00
1664496000000,19590.54,20185.0,19155.36,19422.61,444322.9534,2022-09-30 08:00:00
1664582400000,19422.61,19484.0,19159.42,19310.95,165625.13959,2022-10-01 08:00:00
1664668800000,19312.24,19395.91,18920.35,19056.8,206812.47032,2022-10-02 08:00:00
1664755200000,19057.74,19719.1,18959.68,19629.08,293585.75212,2022-10-03 08:00:00
1664841600000,19629.08,20475.0,19490.6,20337.82,327012.00127,2022-10-04 08:00:00
1664928000000,20337.82,20365.6,19730.0,20158.26,312239.75224,2022-10-05 08:00:00
1665014400000,20158.26,20456.6,19853.0,19960.67,320122.1702,2022-10-06 08:00:00
1665100800000,19960.67,20068.82,19320.0,19530.09,220874.83913,2022-10-07 08:00:00
1665187200000,19530.09,19627.38,19237.14,19417.96,102480.09842,2022-10-08 08:00:00
1665273600000,19416.52,19558.0,19316.04,19439.02,113900.82681,2022-10-09 08:00:00
1665360000000,19439.96,19525.0,19020.25,19131.87,212509.09849,2022-10-10 08:00:00
1665446400000,19131.87,19268.09,18860.0,19060.0,243473.84286,2022-10-11 08:00:00
1665532800000,19060.0,19238.31,18965.88,19155.53,213826.26731,2022-10-12 08:00:00
1665619200000,19155.1,19513.79,18190.0,19375.13,399756.68337,2022-10-13 08:00:00
1665705600000,19375.58,19951.87,19070.37,19176.93,351634.32601,2022-10-14 08:00:00
1665792000000,19176.93,19227.68,18975.18,19069.39,113847.64232,2022-10-15 08:00:00
1665878400000,19068.4,19425.84,19063.74,19262.98,131894.61885,2022-10-16 08:00:00
1665964800000,19262.98,19676.96,19152.03,19549.86,222813.87634,2022-10-17 08:00:00
1666051200000,19548.48,19706.66,19091.0,19327.44,260313.07848,2022-10-18 08:00:00
1666137600000,19327.44,19360.16,19065.97,19123.97,186137.29538,2022-10-19 08:00:00
1666224000000,19123.35,19347.82,18900.0,19041.92,223530.13068,2022-10-20 08:00:00
1666310400000,19041.92,19250.0,18650.0,19164.37,269310.75769,2022-10-21 08:00:00
1666396800000,19164.37,19257.0,19112.72,19204.35,110403.90837,2022-10-22 08:00:00
1666483200000,19204.29,19695.0,19070.11,19570.4,167057.20184,2022-10-23 08:00:00
1666569600000,19570.4,19601.15,19157.0,19329.72,256168.14467,2022-10-24 08:00:00
1666656000000,19330.6,20415.87,19237.0,20080.07,326370.67061,2022-10-25 08:00:00
1666742400000,20079.02,21020.0,20050.41,20771.59,380492.69576,2022-10-26 08:00:00
1666828800000,20771.61,20872.21,20200.0,20295.11,328643.57791,2022-10-27 08:00:00
1666915200000,20295.11,20750.0,20000.09,20591.84,287039.94569,2022-10-28 08:00:00
1667001600000,20591.84,21085.0,20554.01,20809.67,254881.77755,2022-10-29 08:00:00
1667088000000,20809.68,20931.21,20515.0,20627.48,192795.60886,2022-10-30 08:00:00
1667174400000,20627.48,20845.92,20237.95,20490.74,303567.61628,2022-10-31 08:00:00
1667260800000,20490.74,20700.0,20330.74,20483.62,279932.43771,2022-11-01 08:00:00
1667347200000,20482.81,20800.0,20048.04,20151.84,373716.27299,2022-11-02 08:00:00
1667433600000,20151.84,20393.32,20031.24,20207.82,319185.1544,2022-11-03 08:00:00
1667520000000,20207.12,21302.05,20180.96,21148.52,453694.39165,2022-11-04 08:00:00
1667606400000,21148.52,21480.65,21080.65,21299.37,245621.98525,2022-11-05 08:00:00
1667692800000,21299.37,21365.27,20886.13,20905.58,230036.97217,2022-11-06 08:00:00
1667779200000,20905.58,21069.77,20384.89,20591.13,386977.60337,2022-11-07 08:00:00
1667865600000,20590.67,20700.88,17166.83,18547.23,760705.362783,2022-11-08 08:00:00
1667952000000,18545.38,18587.76,15588.0,15922.81,731926.929729,2022-11-09 08:00:00
1668038400000,15922.68,18199.0,15754.26,17601.15,608448.36432,2022-11-10 08:00:00
1668124800000,17602.45,17695.0,16361.6,17070.31,393552.86492,2022-11-11 08:00:00
1668211200000,17069.98,17119.1,16631.39,16812.08,167819.96035,2022-11-12 08:00:00
1668297600000,16813.16,16954.28,16229.0,16329.85,184960.78846,2022-11-13 08:00:00
1668384000000,16331.78,17190.0,15815.21,16619.46,380210.7775,2022-11-14 08:00:00
1668470400000,16617.72,17134.69,16527.72,16900.57,282461.84391,2022-11-15 08:00:00
1668556800000,16900.57,17015.92,16378.61,16662.76,261493.40809,2022-11-16 08:00:00
1668643200000,16661.61,16751.0,16410.74,16692.56,228038.97873,2022-11-17 08:00:00
1668729600000,16692.56,17011.0,16546.04,16700.45,214224.18184,2022-11-18 08:00:00
1668816000000,16699.43,16822.41,16553.53,16700.68,104963.15558,2022-11-19 08:00:00
1668902400000,16700.68,16753.33,16180.0,16280.23,154842.13478,2022-11-20 08:00:00
1668988800000,16279.5,16319.0,15476.0,15781.29,324096.997753,2022-11-21 08:00:00
1669075200000,15781.29,16315.0,15616.63,16226.94,239548.06623,2022-11-22 08:00:00
1669161600000,16227.96,16706.0,16160.2,16603.11,264927.70408,2022-11-23 08:00:00
1669248000000,16603.11,16812.63,16458.05,16598.95,206565.92346,2022-11-24 08:00:00
1669334400000,16599.55,16666.0,16342.81,16522.14,182089.49533,2022-11-25 08:00:00
1669420800000,16521.35,16701.99,16385.0,16458.57,181804.81666,2022-11-26 08:00:00
1669507200000,16457.61,16600.0,16401.0,16428.78,162025.47607,2022-11-27 08:00:00
1669593600000,16428.77,16487.04,15995.27,16212.91,252695.40367,2022-11-28 08:00:00
1669680000000,16212.18,16548.71,16100.0,16442.53,248106.25009,2022-11-29 08:00:00
1669766400000,16442.91,17249.0,16428.3,17163.64,303019.80719,2022-11-30 08:00:00
1669852800000,17165.53,17324.0,16855.01,16977.37,232818.18218,2022-12-01 08:00:00
1669939200000,16978.0,17105.73,16787.85,17092.74,202372.2062,2022-12-02 08:00:00
1670025600000,17092.13,17188.98,16858.74,16885.2,154542.57306,2022-12-03 08:00:00
1670112000000,16885.2,17202.84,16878.25,17105.7,178619.13387,2022-12-04 08:00:00
1670198400000,17106.65,17424.25,16867.0,16966.35,233703.29225,2022-12-05 08:00:00
1670284800000,16966.35,17107.01,16906.37,17088.96,218730.76883,2022-12-06 08:00:00
1670371200000,17088.96,17142.21,16678.83,16836.64,220657.41334,2022-12-07 08:00:00
1670457600000,16836.64,17299.0,16733.49,17224.1,236417.97804,2022-12-08 08:00:00
1670544000000,17224.1,17360.0,17058.21,17128.56,238422.06465,2022-12-09 08:00:00
1670630400000,17128.56,17227.72,17092.0,17127.49,140573.97937,2022-12-10 08:00:00
1670716800000,17127.49,17270.99,17071.0,17085.05,155286.47871,2022-12-11 08:00:00
1670803200000,17085.05,17241.89,16871.85,17209.83,226227.49694,2022-12-12 08:00:00
1670889600000,17208.93,18000.0,17080.14,17774.7,284462.9139,2022-12-13 08:00:00
1670976000000,17775.82,18387.95,17660.94,17803.15,266681.22209,2022-12-14 08:00:00
1671062400000,17804.01,17854.82,17275.51,17356.34,223701.96882,2022-12-15 08:00:00
1671148800000,17356.96,17531.73,16527.32,16632.12,253379.04116,2022-12-16 08:00:00
1671235200000,16631.5,16796.82,16579.85,16776.52,144825.66684,2022-12-17 08:00:00
1671321600000,16777.54,16863.26,16663.07,16738.21,112619.31646,2022-12-18 08:00:00
1671408000000,16739.0,16815.99,16256.3,16438.88,179094.28305,2022-12-19 08:00:00
1671494400000,16438.88,17061.27,16397.2,16895.56,248808.92324,2022-12-20 08:00:00
1671580800000,16896.15,16925.0,16723.0,16824.67,156810.96362,2022-12-21 08:00:00
1671667200000,16824.68,16868.52,16559.85,16821.43,176044.27235,2022-12-22 08:00:00
1671753600000,16821.9,16955.14,16731.13,16778.5,161612.00947,2022-12-23 08:00:00
1671840000000,16778.52,16869.99,16776.62,16836.12,100224.29096,2022-12-24 08:00:00
1671926400000,16835.73,16857.96,16721.0,16832.11,125441.07202,2022-12-25 08:00:00
1672012800000,16832.11,16944.52,16791.0,16919.39,124564.00656,2022-12-26 08:00:00
1672099200000,16919.39,16972.83,16592.37,16706.36,173749.58616,2022-12-27 08:00:00
1672185600000,16706.06,16785.19,16465.33,16547.31,193037.56577,2022-12-28 08:00:00
1672272000000,16547.32,16664.41,16488.91,16633.47,160998.47158,2022-12-29 08:00:00
1672358400000,16633.47,16677.35,16333.0,16607.48,164916.31174,2022-12-30 08:00:00
1672444800000,16607.48,16644.09,16470.0,16542.4,114490.42864,2022-12-31 08:00:00
1672531200000,16541.77,16628.0,16499.01,16616.75,96925.41374,2023-01-01 08:00:00
1672617600000,16617.17,16799.23,16548.7,16672.87,121888.57191,2023-01-02 08:00:00
1672704000000,16672.78,16778.4,16605.28,16675.18,159541.53733,2023-01-03 08:00:00
1672790400000,16675.65,16991.87,16652.66,16850.36,220362.18862,2023-01-04 08:00:00
1672876800000,16850.36,16879.82,16753.0,16831.85,163473.56641,2023-01-05 08:00:00
1672963200000,16831.85,17041.0,16679.0,16950.65,207401.28415,2023-01-06 08:00:00
1673049600000,16950.31,16981.91,16908.0,16943.57,104526.5688,2023-01-07 08:00:00
1673136000000,16943.83,17176.99,16911.0,17127.83,135155.89695,2023-01-08 08:00:00
1673222400000,17127.83,17398.8,17104.66,17178.26,266211.52723,2023-01-09 08:00:00
1673308800000,17179.04,17499.0,17146.34,17440.66,221382.42581,2023-01-10 08:00:00
1673395200000,17440.64,18000.0,17315.6,17943.26,262221.60653,2023-01-11 08:00:00
1673481600000,17943.26,19117.04,17892.05,18846.62,454568.32178,2023-01-12 08:00:00
1673568000000,18846.62,20000.0,18714.12,19930.01,368615.87823,2023-01-13 08:00:00
1673654400000,19930.01,21258.0,19888.05,20954.92,393913.74951,2023-01-14 08:00:00
1673740800000,20952.76,21050.74,20551.01,20871.5,178542.22549,2023-01-15 08:00:00
1673827200000,20872.99,21474.05,20611.48,21185.65,293078.08262,2023-01-16 08:00:00
1673913600000,21185.65,21647.45,20841.31,21134.81,275407.74409,2023-01-17 08:00:00
1674000000000,21132.29,21650.0,20407.15,20677.47,350916.01949,2023-01-18 08:00:00
1674086400000,20677.47,21192.0,20659.19,21071.59,251385.84925,2023-01-19 08:00:00
1674172800000,21071.59,22755.93,20861.28,22667.21,338079.13659,2023-01-20 08:00:00
1674259200000,22666.0,23371.8,22422.0,22783.55,346445.48432,2023-01-21 08:00:00
1674345600000,22783.35,23078.71,22292.37,22707.88,253577.75286,2023-01-22 08:00:00
1674432000000,22706.02,23180.0,22500.0,22916.45,293588.37938,2023-01-23 08:00:00
1674518400000,22917.81,23162.2,22462.93,22632.89,293158.78254,2023-01-24 08:00:00
1674604800000,22631.94,23816.73,22300.0,23060.94,346042.83223,2023-01-25 08:00:00
1674691200000,23060.42,23282.47,22850.01,23009.65,288924.43581,2023-01-26 08:00:00
1674777600000,23009.65,23500.0,22534.88,23074.16,280833.86315,2023-01-27 08:00:00
1674864000000,23074.16,23189.0,22878.46,23022.6,148115.71085,2023-01-28 08:00:00
1674950400000,23021.4,23960.54,22967.76,23742.3,295688.79204,2023-01-29 08:00:00
1675036800000,23743.37,23800.51,22500.0,22826.15,302405.90121,2023-01-30 08:00:00
1675123200000,22827.38,23320.0,22714.77,23125.13,264649.34909,2023-01-31 08:00:00
1675209600000,23125.13,23812.66,22760.23,23732.66,310790.42271,2023-02-01 08:00:00
1675296000000,23731.41,24255.0,23363.27,23488.94,364177.20751,2023-02-02 08:00:00
1675382400000,23489.33,23715.7,23204.62,23431.9,332571.02904,2023-02-03 08:00:00
1675468800000,23431.9,23587.78,23253.96,23326.84,166126.47295,2023-02-04 08:00:00
1675555200000,23327.66,23433.33,22743.0,22932.91,209251.33917,2023-02-05 08:00:00
1675641600000,22932.91,23158.25,22628.13,22762.52,265371.6069,2023-02-06 08:00:00
1675728000000,22762.52,23350.25,22745.78,23240.46,308006.72482,2023-02-07 08:00:00
1675814400000,23242.42,23452.0,22665.85,22963.0,280056.30717,2023-02-08 08:00:00
1675900800000,22961.85,23011.39,21688.0,21796.35,402894.6955,2023-02-09 08:00:00
1675987200000,21797.83,21938.16,21451.0,21625.19,338591.94247,2023-02-10 08:00:00
1676073600000,21625.19,21906.32,21599.78,21862.55,177021.58433,2023-02-11 08:00:00
1676160000000,21862.02,22090.0,21630.0,21783.54,204435.65163,2023-02-12 08:00:00
1676246400000,21782.37,21894.99,21351.07,21773.97,295730.76791,2023-02-13 08:00:00
1676332800000,21774.63,22319.08,21532.77,22199.84,361958.40109,2023-02-14 08:00:00
1676419200000,22199.84,24380.0,22047.28,24324.05,375669.16111,2023-02-15 08:00:00
1676505600000,24322.87,25250.0,23505.25,23517.72,450080.68366,2023-02-16 08:00:00
1676592000000,23517.72,25021.11,23339.37,24569.97,496813.21376,2023-02-17 08:00:00
1676678400000,24568.24,24877.0,24430.0,24631.95,216917.25213,2023-02-18 08:00:00
1676764800000,24632.05,25192.0,24192.57,24271.76,300395.99542,2023-02-19 08:00:00
1676851200000,24272.51,25121.23,23840.83,24842.2,346938.56997,2023-02-20 08:00:00
1676937600000,24843.89,25250.0,24148.34,24452.16,376000.82868,2023-02-21 08:00:00
1677024000000,24450.67,24476.05,23574.69,24182.21,379425.75365,2023-02-22 08:00:00
1677110400000,24182.21,24599.59,23608.0,23940.2,398400.45437,2023-02-23 08:00:00
1677196800000,23940.2,24132.35,22841.19,23185.29,343582.57453,2023-02-24 08:00:00
1677283200000,23184.04,23219.13,22722.0,23157.07,191311.8101,2023-02-25 08:00:00
1677369600000,23157.07,23689.99,23059.18,23554.85,202323.73623,2023-02-26 08:00:00
1677456000000,23554.85,23897.99,23106.77,23492.09,283706.0859,2023-02-27 08:00:00
1677542400000,23492.09,23600.0,23020.97,23141.57,264140.99894,2023-02-28 08:00:00
1677628800000,23141.57,24000.0,23020.03,23628.97,315287.41737,2023-03-01 08:00:00
1677715200000,23629.76,23796.93,23195.9,23465.32,239315.45219,2023-03-02 08:00:00
1677801600000,23465.32,23476.95,21971.13,22354.34,319954.19785,2023-03-03 08:00:00
1677888000000,22354.34,22410.0,22157.08,22346.57,121257.38132,2023-03-04 08:00:00
1677974400000,22346.57,22662.09,22189.22,22430.24,154841.75786,2023-03-05 08:00:00
1678060800000,22430.24,22602.19,22258.0,22410.0,203751.82957,2023-03-06 08:00:00
1678147200000,22409.41,22557.91,21927.0,22197.96,292519.80912,2023-03-07 08:00:00
1678233600000,22198.56,22287.0,21580.0,21705.44,301460.57272,2023-03-08 08:00:00
1678320000000,21704.37,21834.99,20042.72,20362.22,443658.28584,2023-03-09 08:00:00
1678406400000,20362.21,20367.78,19549.09,20150.69,618456.4671,2023-03-10 08:00:00
1678492800000,20150.69,20686.51,19765.03,20455.73,427831.82133,2023-03-11 08:00:00
1678579200000,20455.73,22150.0,20270.6,21997.11,430944.94288,2023-03-12 08:00:00
1678665600000,21998.05,24500.0,21813.88,24113.48,687889.31259,2023-03-13 08:00:00
1678752000000,24112.27,26386.87,23976.42,24670.41,699360.93423,2023-03-14 08:00:00
1678838400000,24670.41,25196.97,23896.95,24285.66,581450.72984,2023-03-15 08:00:00
1678924800000,24285.66,25167.4,24123.0,24998.78,439421.32998,2023-03-16 08:00:00
1679011200000,24998.78,27756.84,24890.0,27395.13,624460.68091,2023-03-17 08:00:00
1679097600000,27395.13,27724.85,26578.0,26907.49,371238.97174,2023-03-18 08:00:00
1679184000000,26907.49,28390.1,26827.22,27972.87,372066.99054,2023-03-19 08:00:00
1679270400000,27972.87,28472.0,27124.47,27717.01,477378.23373,2023-03-20 08:00:00
1679356800000,27717.01,28438.55,27303.1,28105.47,420929.7422,2023-03-21 08:00:00
1679443200000,28107.81,28868.05,26601.8,27250.97,224113.41296,2023-03-22 08:00:00
1679529600000,27250.97,28750.0,27105.0,28295.41,128649.60818,2023-03-23 08:00:00
1679616000000,28295.42,28374.3,27000.0,27454.47,86242.06544,2023-03-24 08:00:00
1679702400000,27454.46,27787.33,27156.09,27462.95,50844.08102,2023-03-25 08:00:00
1679788800000,27462.96,28194.4,27417.76,27968.05,49671.70353,2023-03-26 08:00:00
1679875200000,27968.05,28023.86,27666.0,27903.58,18687.71971,2023-03-27 08:00:00
1679961600000,27127.1,27175.3,26815.0,27053.9,2830.75404893,2023-03-28 08:00:00
